width,thickness,transmission
1.05e-06,1.1e-06,0.99816
1.15e-06,1.2e-06,0.998173
1.2e-06,1.25e-06,0.998178
