File,Width (m),Thickness (m),Confinement Factor (2D)
E_field_data_1.05e-006_1.1e-006.mat,1.05e-06,1.1e-06,0.6612276313658896
E_field_data_1.2e-006_1.25e-006.mat,1.2e-06,1.25e-06,0.766804257121482
E_field_data_1.15e-006_1.2e-006.mat,1.15e-06,1.2e-06,0.7333814986075287
